"number","title","pageid","namespace","length","touched"
"1","Fantasy_sport","10653","","53414","20180319030237"
"2","Sabermetrics","28692","","24476","20180314002805"
"3","Mercy_rule","28695","","17821","20180314002805"
"4","Boardsport","38983","","10958","20180323175539"
"5","Pigeon_sport","40616","","825","20180228121723"
"6","List_of_sports_history_organisations","40671","","1174","20180228121723"
"7","U.S._Open","82726","","2179","20180228121825"
"8","List_of_dancewear","153873","","868","20180217145514"
"9","1903_in_sports","171775","","14150","20180316231203"
"10","1980_in_sports","171777","","14132","20180316231141"
"11","1979_in_sports","171779","","13276","20180316231141"
"12","1978_in_sports","171780","","14283","20180316231141"
"13","1977_in_sports","171781","","11281","20180316231141"
"14","1976_in_sports","171783","","11506","20180316231141"
"15","1975_in_sports","171784","","13341","20180316231141"
"16","1974_in_sports","171795","","13047","20180318235309"
"17","1973_in_sports","171796","","11390","20180316231141"
"18","1972_in_sports","171798","","10624","20180316231141"
"19","1971_in_sports","171799","","12255","20180316231141"
"20","1970_in_sports","171803","","13375","20180316231141"
"21","1918_in_sports","186711","","7326","20180316231203"
"22","Volksmarching","189030","","4009","20180314133321"
"23","2004_in_sports","195345","","31029","20180319170227"
"24","1895_in_sports","196704","","14184","20180316231224"
"25","1896_in_sports","196710","","9358","20180316231224"
"26","1962_in_sports","197637","","11065","20180316231141"
"27","1938_in_sports","198141","","14153","20180316231203"
"28","1922_in_sports","205539","","11512","20180316231203"
"29","1930_in_sports","205824","","13978","20180319165736"
"30","1981_in_sports","208630","","13539","20180316231141"
"31","2001_in_sports","208632","","23735","20180316231116"
"32","2002_in_sports","218576","","22109","20180316231116"
"33","2000_in_sports","224719","","24129","20180316231141"
"34","1999_in_sports","224723","","25622","20180325161359"
"35","1998_in_sports","224724","","20044","20180316231141"
"36","1997_in_sports","224725","","21039","20180316231141"
"37","1996_in_sports","224726","","19563","20180316231141"
"38","1995_in_sports","224727","","19334","20180316231141"
"39","1994_in_sports","224728","","20322","20180318235902"
"40","1993_in_sports","224732","","18584","20180318235839"
"41","1992_in_sports","224733","","21111","20180316231141"
"42","1991_in_sports","224735","","17719","20180316231141"
"43","1990_in_sports","224736","","13205","20180319090513"
"44","1989_in_sports","224738","","13990","20180316231141"
"45","1988_in_sports","224739","","13506","20180316231141"
"46","1987_in_sports","224740","","13837","20180316231141"
"47","1986_in_sports","224741","","14460","20180316231141"
"48","1985_in_sports","224742","","13260","20180316231141"
"49","1984_in_sports","224743","","15763","20180316231141"
"50","1983_in_sports","224744","","15472","20180316231141"
"51","1982_in_sports","224746","","13258","20180316231141"
"52","1951_in_sports","224800","","11751","20180316231141"
"53","1969_in_sports","225337","","13667","20180316231141"
"54","1839_in_sports","225338","","3001","20180316231459"
"55","1968_in_sports","225339","","13260","20180316231141"
"56","1967_in_sports","225340","","12608","20180316231141"
"57","1840_in_sports","225341","","2033","20180316231459"
"58","1841_in_sports","225342","","2519","20180316231459"
"59","1966_in_sports","225343","","13242","20180316231141"
"60","1842_in_sports","225344","","1621","20180316231459"
"61","1845_in_sports","225345","","3118","20180316231459"
"62","1846_in_sports","225346","","1931","20180316231459"
"63","1849_in_sports","225348","","2425","20180316231459"
"64","1964_in_sports","225349","","13533","20180316231141"
"65","1852_in_sports","225350","","3289","20180316231224"
"66","1854_in_sports","225351","","3585","20180316231224"
"67","1856_in_sports","225352","","3368","20180316231224"
"68","1963_in_sports","225353","","10023","20180324165338"
"69","1857_in_sports","225354","","3232","20180316231224"
"70","1858_in_sports","225355","","2958","20180316231224"
"71","1961_in_sports","225357","","10660","20180316231141"
"72","1960_in_sports","225358","","11231","20180316231141"
"73","1959_in_sports","225359","","11046","20180325012541"
"74","1958_in_sports","225360","","12304","20180316231141"
"75","1957_in_sports","225364","","12442","20180316231141"
"76","1956_in_sports","225366","","14247","20180316231141"
"77","1860_in_sports","225368","","4402","20180316231224"
"78","1955_in_sports","225369","","12186","20180316231141"
"79","1861_in_sports","225370","","2893","20180316231224"
"80","1862_in_sports","225371","","4392","20180316231224"
"81","1863_in_sports","225373","","5259","20180316231224"
"82","1864_in_sports","225374","","3727","20180316231224"
"83","1865_in_sports","225375","","3493","20180316231224"
"84","1866_in_sports","225376","","3492","20180316231224"
"85","1954_in_sports","225377","","14673","20180316231141"
"86","1867_in_sports","225378","","5457","20180316231224"
"87","1868_in_sports","225379","","4447","20180316231224"
"88","1869_in_sports","225381","","5115","20180316231224"
"89","1870_in_sports","225382","","5550","20180316231224"
"90","1953_in_sports","225383","","12506","20180325012650"
"91","1871_in_sports","225384","","8105","20180316231224"
"92","1952_in_sports","225385","","14156","20180316231141"
"93","1872_in_sports","225386","","4766","20180316231224"
"94","1873_in_sports","225387","","5534","20180316231224"
"95","1874_in_sports","225388","","4145","20180316231224"
"96","1875_in_sports","225389","","4348","20180316231224"
"97","1876_in_sports","225390","","7041","20180316231224"
"98","1877_in_sports","225391","","6622","20180316231224"
"99","1878_in_sports","225394","","7496","20180316231224"
"100","1950_in_sports","225395","","9625","20180316231203"
"101","1879_in_sports","226215","","5148","20180316231224"
"102","1880_in_sports","226216","","6313","20180316231224"
"103","1882_in_sports","226218","","7099","20180316231224"
"104","1884_in_sports","226220","","8452","20180316231224"
"105","1885_in_sports","226221","","6457","20180316231224"
"106","1888_in_sports","226225","","9153","20180316231224"
"107","1889_in_sports","226226","","7836","20180316231224"
"108","1890_in_sports","226228","","9320","20180316231224"
"109","1891_in_sports","226229","","7907","20180316231224"
"110","1893_in_sports","226232","","10057","20180316231224"
"111","1894_in_sports","226233","","10058","20180316231224"
"112","1897_in_sports","226234","","9003","20180316231224"
"113","1898_in_sports","226235","","10373","20180316231224"
"114","1899_in_sports","226236","","11693","20180316231224"
"115","Panama_Lewis","242315","","7407","20180314002813"
"116","Feldenkrais_Method","245089","","18038","20180313134850"
"117","Division_(sport)","248295","","6336","20180302050519"
"118","2003_in_sports","254079","","27167","20180316231116"
"119","Gleneagles_Agreement","262985","","6670","20180312192131"
"120","1940_in_sports","265074","","11354","20180316231203"
"121","Indian_rodeo","275720","","2051","20180228122310"
"122","Supporters'_trust","286628","","5159","20180228122330"
"123","1932_in_sports","316651","","15159","20180316231203"
"124","1933_in_sports","322122","","13802","20180316231203"
"125","Free_agent","322192","","18950","20180314215100"
"126","Black_players_in_professional_American_football","335603","","26029","20180320155705"
"127","Free_kick","340490","","4816","20180303192108"
"128","Three-peat","345955","","43736","20180321213100"
"129","1919_in_sports","347593","","12669","20180316231203"
"130","1848_in_sports","353144","","3029","20180316231459"
"131","1915_in_sports","353152","","12259","20180316231203"
"132","1949_in_sports","353156","","10334","20180316231203"
"133","1948_in_sports","353158","","11176","20180320131113"
"134","1947_in_sports","353159","","12621","20180320131204"
"135","1946_in_sports","353160","","13055","20180316231203"
"136","1829_in_sports","353904","","2486","20180316231459"
"137","1836_in_sports","353932","","2370","20180316231459"
"138","1942_in_sports","356964","","10464","20180316231203"
"139","List_of_sports","356978","","35892","20180324175414"
"140","Ping-pong_diplomacy","357319","","15015","20180324234808"
"141","1924_in_sports","359206","","13957","20180316231203"
"142","1923_in_sports","359412","","14124","20180318225405"
"143","1927_in_sports","359437","","13125","20180316231203"
"144","1855_in_sports","359451","","3318","20180316231224"
"145","European_Championship","363379","","5566","20180323190400"
"146","Salary_cap","364837","","109631","20180324202253"
"147","Ball_game","372443","","1737","20180316141319"
"148","Medley_swimming","383275","","15056","20180325043740"
"149","1941_in_sports","385408","","9227","20180316231203"
"150","Regulation_of_sport","398268","","3519","20180324175414"
"151","Nationalism_and_sport","398317","","8828","20180324175414"
"152","List_of_international_sports_federations","398336","","26921","20180324075925"
"153","Sports_card","399626","","200","20180306232658"
"154","Realignment_(sports)","445677","","4587","20180228122640"
"155","American_handball","465921","","22967","20180305061437"
"156","Riseball","472164","","1205","20180217145730"
"157","Diving_physics","474931","","14073","20180318113851"
"158","1913_in_sports","476301","","10588","20180316231203"
"159","1914_in_sports","476304","","14521","20180316231203"
"160","1916_in_sports","476305","","8469","20180316231203"
"161","1917_in_sports","476368","","7863","20180316231203"
"162","1920_in_sports","476376","","14406","20180316231203"
"163","1921_in_sports","476377","","16075","20180316231203"
"164","1925_in_sports","476402","","13204","20180316231203"
"165","1931_in_sports","478175","","14814","20180316231203"
"166","Attacker","487940","","727","20180228122729"
"167","Jersey_(clothing)","492836","","3852","20180319170351"
"168","Associated_Press_Athlete_of_the_Year","520228","","14261","20180321213101"
"169","Fédération_Internationale_de_Roller_Sports","529152","","8573","20180325161400"
"170","1926_in_sports","529901","","12734","20180316231203"
"171","1928_in_sports","529921","","11057","20180316231203"
"172","1929_in_sports","529936","","10814","20180316231203"
"173","League_Against_Cruel_Sports","544611","","29573","20180322104201"
"174","List_of_sporting_scandals","562583","","34874","20180323131956"
"175","League_system","563405","","3522","20180228122855"
"176","Varsity_team","567655","","4397","20180303192139"
"177","1935_in_sports","616172","","13756","20180316231203"
"178","1939_in_sports","616211","","17049","20180316231203"
"179","1944_in_sports","616225","","9228","20180316231203"
"180","Draft_(sports)","616574","","31325","20180321060027"
"181","1945_in_sports","620805","","9345","20180316231203"
"182","1934_in_sports","636728","","14658","20180322152643"
"183","Scout_(sport)","641406","","8676","20180314182519"
"184","1943_in_sports","648738","","7595","20180316231203"
"185","1936_in_sports","652650","","14510","20180316231203"
"186","German_Open","667299","","691","20180228123045"
"187","Irish_Open","667313","","447","20180228123046"
"188","Indoor_cycling","672915","","12037","20180310012139"
"189","2005_in_sports","685022","","30879","20180316231116"
"190","Sports_league","685328","","14574","20180309034948"
"191","Season_(sports)","690345","","63697","20180320132511"
"192","1937_in_sports","700655","","13271","20180316231203"
"193","1853_in_sports","715105","","2650","20180316231224"
"194","Danny_Almonte","722374","","13402","20180321040756"
"195","Jockstrap","726218","","12500","20180228123139"
"196","All-star","735121","","4105","20180312012125"
"197","Elite_Eight","735272","","7056","20180324175514"
"198","Fight_song","765082","","64549","20180320162256"
"199","Cooper_test","774201","","7629","20180303192154"
"200","Sports_agent","775067","","33395","20180324173313"
"201","Luxury_tax_(sports)","795188","","18114","20180321220519"
"202","Winger_(sports)","821314","","3082","20180228123254"
"203","Cantera","844283","","14784","20180318040828"
"204","Violence_in_sports","848317","","54922","20180314002825"
"205","Standings","857511","","6471","20180303234053"
"206","List_of_doping_cases_in_sport","892306","","5364","20180317210303"
"207","People's_Olympiad","899864","","7441","20180325161401"
"208","Forms_of_cricket","902522","","30192","20180321182051"
"209","Player_of_the_match","906698","","12227","20180325005708"
"210","Palaestra","913769","","3297","20180318122353"
"211","Sport_policies_of_the_European_Union","914503","","3134","20180324174040"
"212","Lists_of_sports_venues","919065","","956","20180228123425"
"213","International_Winter_Sports_Week","928116","","1071","20180228123433"
"214","Athletic_director","950082","","10385","20180315220806"
"215","VO2_max","968834","","23589","20180303192202"
"216","Comparison_of_baseball_and_cricket","974709","","102320","20180315122943"
"217","Endurance","997680","","5200","20180228123549"
"218","Moopsball","999548","","938","20180324183807"
"219","Locker_room","1015365","","72","20180227152047"
"220","Comparison_of_baseball_and_softball","1034927","","8751","20180323210636"
"221","Race_queen","1036588","","175","20180325121646"
"222","List_of_Maccabi_sports_clubs_and_organisations","1052968","","9221","20180321213102"
"223","Decamentathlon","1056951","","4981","20180304230856"
"224","2006_in_sports","1057933","","33870","20180316231116"
"225","Player_of_the_year_award","1067875","","4393","20180301111810"
"226","Competition_number","1085068","","1982","20180228123720"
"227","Side_stitch","1095574","","6790","20180318090948"
"228","The_President's_Challenge","1098066","","4887","20180228123733"
"229","Semi-professional","1102335","","6177","20180314164702"
"230","Sports_science","1118651","","6932","20180324175414"
"231","Rugby_league_positions","1195281","","20657","20180324213843"
"232","List_of_violent_spectator_incidents_in_sports","1202932","","131376","20180322042153"
"233","Triathlon_equipment","1229169","","17076","20180228123940"
"234","Olympic_Park","1233952","","9393","20180310150959"
"235","Strength_training","1240348","","72560","20180319141221"
"236","Victor_Conte","1244693","","10808","20180316141431"
"237","List_of_jockeys","1250513","","7416","20180325143037"
"238","GANEFO","1255181","","12170","20180325161401"
"239","Trampolining_terms","1267251","","9512","20180209090548"
"240","World_championship","1287435","","39488","20180325150755"
"241","StackMat_timer","1320829","","1046","20180322102359"
"242","Ice_hockey_rules","1328660","","3106","20180217150118"
"243","Booing","1342115","","9428","20180303192222"
"244","Sexercise","1350961","","1806","20180303192222"
"245","Media_guide","1353590","","1584","20180228124154"
"246","Raid_Gauloises","1375109","","2673","20180324170949"
"247","High-technology_swimwear_fabric","1395160","","7135","20180303192224"
"248","Trout_binning","1398975","","1117","20180306190136"
"249","Physical_culture","1403831","","8428","20180305155020"
"250","Maximum_time_aloft","1415607","","1866","20180228124243"
"251","Standing-room_only","1423888","","2873","20180310050106"
"252","Stadium_anthem","1432555","","3830","20180321174943"
"253","Technical_fall","1436060","","3473","20180217150141"
"254","Falcon_(sport)","1441192","","1175","20180128125749"
"255","5BX","1443956","","6131","20180303192226"
"256","Victor_ludorum","1447938","","961","20171222110056"
"257","Serpentine_system","1463429","","1494","20180228124328"
"258","Rocball","1465011","","2897","20171222120650"
"259","List_of_sports_terms_named_after_people","1493579","","34107","20180228124356"
"260","Handicapping","1495803","","13360","20180310092042"
"261","Dynamic_Tension","1519026","","2938","20180319014726"
"262","1847_in_sports","1520677","","1685","20180316231459"
"263","1844_in_sports","1520679","","1780","20180316231459"
"264","1843_in_sports","1520685","","2612","20180316231459"
"265","1838_in_sports","1520693","","2453","20180316231459"
"266","1837_in_sports","1520729","","1626","20180316231459"
"267","1835_in_sports","1520843","","2104","20180316231459"
"268","Drought_(sport)","1531458","","37852","20180322014120"
"269","1834_in_sports","1532588","","1870","20180316231459"
"270","Exercise_bulimia","1569145","","2596","20180228124455"
"271","2007_in_sports","1582620","","29887","20180316231116"
"272","San_Diego_Open","1585191","","524","20180228124509"
"273","Battle_of_the_Systems","1632473","","2958","20180314002834"
"274","Code_of_Points_(artistic_gymnastics)","1655074","","11252","20180315102648"
"275","Power_rack","1675652","","2847","20180314152322"
"276","Comparison_of_top_chess_players_throughout_history","1710426","","36253","20180314002836"
"277","Personal_seat_license","1732880","","9012","20180319183152"
"278","Offense_(sports)","1742190","","1453","20180228124725"
"279","Athletic_training","1742971","","24910","20180303234104"
"280","Serve_and_volley","1747303","","10921","20180303192238"
"281","Multi-stage_fitness_test","1751142","","17897","20180323185228"
"282","Five_Tibetan_Rites","1763544","","16583","20180316103705"
"283","Assault_course","1789835","","3896","20180228124807"
"284","NHL_lockout","1820534","","1022","20180228124834"
"285","2008_in_sports","1857710","","26769","20180316231116"
"286","Expansion_team","1945737","","36275","20180303192246"
"287","Representative_side","1980611","","1117","20150802062926"
"288","Winning_isn't_everything;_it's_the_only_thing","2010655","","4307","20180228125101"
"289","List_of_sports_television_broadcast_contracts","2031840","","3491","20180315220320"
"290","Nap_hand","2032714","","328","20180228125118"
"291","Club_seating","2049987","","1930","20180228125129"
"292","Grip_(tennis)","2063318","","11940","20180228125138"
"293","Tennis_strategy","2092448","","17466","20180303192253"
"294","Music_at_sporting_events","2121727","","14919","20180317192256"
"295","Dynasty_(sports)","2135232","","126292","20180321223603"
"296","List_of_sports_rivalries","2140677","","188410","20180321213103"
"297","Under-soil_heating","2229342","","3103","20180228125341"
"298","Cross-training","2262965","","3842","20180319192239"
"299","List_of_television_films_produced_for_ESPN","2269183","","621","20180315171815"
"300","Contraflow_lane_reversal","2288504","","17085","20180303192302"
"301","Open_(sport)","2337918","","1133","20180228125505"
"302","Strongman_(strength_athlete)","2354206","","7537","20180325120311"
"303","The_Y_Plan","2354452","","797","20180228125517"
"304","Perfect_season","2356756","","86880","20180319045043"
"305","Dispersal_draft","2396171","","6226","20180228125550"
"306","Sipa","2426271","","2767","20180228125611"
"307","Leisure_centre","2433663","","2279","20180312210247"
"308","Thighmaster","2458914","","5139","20180303192310"
"309","Round_Iceland","2459574","","526","20171221061755"
"310","List_of_sports_clichés","2491371","","6882","20180303192310"
"311","Winning_percentage","2514586","","6224","20180227173442"
"312","Games_behind","2514975","","7800","20180303234106"
"313","Training_effect","2521682","","5604","20180304175755"
"314","Exercise_hypertension","2604726","","1931","20180217150554"
"315","List_of_female_fitness_&_figure_competitors","2636385","","2267","20180325143037"
"316","Air_sports","2668769","","1296","20180304021419"
"317","Spot_the_ball","2730955","","1125","20180217150614"
"318","Jock_(stereotype)","2734619","","12586","20180317203912"
"319","Sidesurf","2823594","","1460","20171227121540"
"320","World_Festival_of_Youth_and_Students","2824490","","7826","20180321213104"
"321","Oropolitics","2832745","","4046","20180314002848"
"322","Playoff_format","2847115","","73048","20180310031325"
"323","Notational_analysis","2883565","","18473","20180322102400"
"324","Physically_unable_to_perform","2945825","","2726","20180303192324"
"325","Contact_sport","2947537","","8025","20180324163625"
"326","Splitboard","2956998","","3198","20180303192324"
"327","Tiebreaker","3013373","","10775","20180307100348"
"328","Sports_ministry","3052919","","327","20180303234106"
"329","Rule_21","3062505","","15032","20180303192327"
"330","List_of_WPA_World_Nine-ball_champions","3066706","","15480","20180316154157"
"331","Individual_sport","3124834","","1531","20180325120311"
"332","Beginner's_luck","3133119","","3768","20180228130410"
"333","Broadcasting_of_sports_events","3182739","","32165","20180324175414"
"334","Cinderella_(sports)","3195183","","61831","20180324234706"
"335","Tower_running","3204625","","2897","20180323174037"
"336","Active_living","3212386","","9145","20180217150737"
"337","Trash-talk","3232376","","8393","20180324191111"
"338","Fresno_Case","3234630","","5641","20180228130517"
"339","Training_to_failure","3240791","","3110","20180228130520"
"340","Injured_reserve_list","3247833","","7035","20180308040842"
"341","Littlejohn_Vase","3274262","","3431","20180217150747"
"342","Nosebleed_section","3296409","","2509","20180228130558"
"343","Moral_victory","3324082","","1652","20180303192335"
"344","M-drop","3342190","","1262","20180228130631"
"345","Social_influences_on_fitness_behavior","3357557","","25562","20180322142758"
"346","Water_boy","3384753","","5435","20180115002702"
"347","Blue_(university_sport)","3402793","","21230","20180228130714"
"348","Outline_of_sports","3405245","","32451","20180228130716"
"349","Aerotrim","3418548","","12364","20180314002854"
"350","Pro-Football-Reference.com","3447326","","3715","20180312123314"
"351","Zephyr_(garment)","3463698","","620","20180202204154"
"352","Lactate_threshold","3472397","","10557","20180319083147"
"353","Blackout_(broadcasting)","3495354","","41365","20180323042129"
"354","Foster_Hewitt_Award","3507346","","533","20180228130833"
"355","Kolbotn_Wrestling","3528513","","1668","20180228130850"
"356","Wild_card_(sports)","3533439","","53606","20180313094550"
"357","Dead_rubber","3539514","","2067","20180217150827"
"358","Weight_cutting","3549164","","1539","20180228130906"
"359","Timekeeper","3593483","","1655","20180228130938"
"360","Sports_festivals","3702068","","64","20180323082804"
"361","Kwosso","3709251","","1120","20180228131109"
"362","XBX","3710574","","578","20180215143220"
"363","Grandfather_rule","3715006","","5318","20180314002857"
"364","Team_of_the_century","3724527","","3294","20180303192348"
"365","Vacuum_exercise","3737971","","4039","20180303192348"
"366","Circuit_training","3751384","","4655","20180320141208"
"367","Split_jump_(exercise)","3751448","","876","20180228131145"
"368","Stat_padding","3779045","","1657","20180228131207"
"369","Complex_training","3821985","","4619","20180319203917"
"370","Groundshare","3831728","","13570","20180321174340"
"371","Kim_Gwang-suk","3872234","","12563","20180314133411"
"372","Redshirt_(college_sports)","3882910","","12665","20180303192352"
"373","Active_stretching","3906419","","3313","20180217150921"
"374","Closed_kinetic_chain_exercises","3930540","","2996","20180228131359"
"375","Open_kinetic_chain_exercises","3930560","","2326","20180217150923"
"376","Scheduling_alliance","3994680","","1408","20180228131442"
"377","Sportvision","4036000","","3151","20180303234108"
"378","2009_in_sports","4051722","","23674","20180316231116"
"379","Kudu_dung-spitting","4086741","","3550","20180303192356"
"380","Paradiski","4092583","","1864","20180216020105"
"381","Glossary_of_cue_sports_terms","4121912","","328808","20180325143037"
"382","Trans_Europe_Foot_Race","4127217","","5069","20180217150949"
"383","Alpine_skiing_combined","4149460","","15245","20180311120155"
"384","Asian_handicap","4158437","","8541","20180307161724"
"385","World's_biggest_cricket_bat","4160683","","5659","20180228131641"
"386","Sports_periodization","4161298","","12670","20180228131641"
"387","Wilks_Coefficient","4168063","","5741","20180322102400"
"388","2010_in_sports","4179999","","59807","20180316231116"
"389","Super_Slow","4186400","","5133","20180303134512"
"390","Tournament_director","4187430","","1243","20180324165110"
"391","Play-in_game","4188995","","1397","20180324005509"
"392","National_Football_League_All-Decade_Teams","4275078","","1461","20180228131802"
"393","The_Ring_magazine_Pound_for_Pound","4304173","","4369","20180325150052"
"394","World_Cup","4338052","","4846","20180317105252"
"395","Bench-clearing_brawl","4363276","","10897","20180317174843"
"396","Granby_roll","4374973","","688","20180315151154"
"397","Singapi","4408817","","785","20180228131935"
"398","Equaliser_(sports)","4427954","","873","20180228131949"
"399","Gainer","4433150","","1414","20180228131952"
"400","Weighted_clothing","4441182","","22321","20180228131958"
"401","PHA_training","4463931","","2222","20180324230522"
"402","Page_playoff_system","4494157","","10777","20180325135852"
"403","Professional_sports_league_organization","4496150","","25683","20180303192404"
"404","David_Dixon_Award","4531019","","2172","20180325043744"
"405","Parity_(sports)","4533566","","2571","20180228132103"
"406","Progress_toward_degree","4541935","","1195","20180228132108"
"407","Scorched_Sole","4562101","","887","20180228132122"
"408","1850_in_sports","4564819","","3089","20180316231459"
"409","List_of_sports_television_composers","4578707","","8355","20180303192406"
"410","Off-road_duathlon","4647742","","631","20180228132221"
"411","1726_to_1730_in_sports","4694671","","4067","20180316231459"
"412","Halt_All_Racist_Tours","4704247","","4817","20180228132305"
"413","Pig_Olympics","4768179","","1390","20180102021805"
"414","Cloud_swing","4790902","","1450","20180322102400"
"415","Przegląd_Sportowy","4812604","","1776","20180228132429"
"416","KL_Sports_City","4889789","","4590","20180323144334"
"417","Amateur_Fencers_League_of_America","4897989","","17462","20180228132532"
"418","Telegraphing_(sports)","4902404","","4291","20180225070353"
"419","Bye_(sports)","4937455","","15009","20180228132601"
"420","Three_points_for_a_win","4960100","","16649","20180314002905"
"421","Ski_season","5086358","","1937","20180303192418"
"422","Turf_management","5103640","","11500","20180225070354"
"423","Helmet_Boxing","5158836","","2138","20180315143749"
"424","Hearties","5168650","","1267","20180228132856"
"425","List_of_world_sports_championships","5204993","","111925","20180325150755"
"426","Czechoslovak_Hockey_Riots","5258887","","2911","20180217151228"
"427","Victory_dance_(sports)","5260535","","1539","20180314002906"
"428","Haka_(sports)","5289796","","32085","20180314002906"
"429","Minor_premiership","5290295","","3256","20180303192421"
"430","Lacrosse_stick","5307935","","9634","20180217151234"
"431","Panathenaic_festival","5310206","","62","20180315204546"
"432","Footbag_net","5367841","","1517","20180228133125"
"433","Netpulse","5375946","","4033","20180228133131"
"434","Cooling_vest","5402608","","3828","20180228133154"
"435","Unsportsmanlike_conduct","5447420","","10745","20180325040448"
"436","Shirts_versus_skins","5457111","","2174","20180222114411"
"437","Third_place_playoff","5475710","","13166","20180303192425"
"438","Pocket_schedule","5494437","","715","20180314013638"
"439","Off-road_park","5545235","","1186","20180228133338"
"440","Skippers'_meeting","5547698","","741","20180228133340"
"441","Specific_physical_preparedness","5568051","","1039","20180228133357"
"442","List_of_sports_idioms","5584171","","50340","20180325143037"
"443","Tapping_up","5626573","","5377","20180303192428"
"444","ESPN_PPV","5643514","","1487","20180323085332"
"445","Prospect_(sports)","5648365","","1714","20180228133457"
"446","Winning_streak_(sports)","5764065","","156168","20180325135906"
"447","Sports_fan","5791134","","156","20180305213342"
"448","Bench_(metonymy)","5836436","","1764","20180316233046"
"449","Pre-game_show","5895862","","3882","20180228133821"
"450","Post-game_show","5895886","","1473","20180228133822"
"451","Yak_polo","5951474","","1251","20180303192434"
"452","Roller_sport","5988269","","1914","20180228133936"
"453","General_fitness_training","6057429","","3541","20180228134032"
"454","Angels_in_the_Infield","6102307","","5888","20180312123647"
"455","Tely_10_Mile_Road_Race","6112740","","7315","20180217151406"
"456","Progressive_overload","6140080","","6387","20180303021044"
"457","PRCA_All-Around_Cowboy_Champion","6203365","","6578","20171220175010"
"458","Functional_training","6230660","","7331","20180217151420"
"459","Five_stand","6268992","","1887","20180303192440"
"460","Miniten","6330468","","1945","20180303192441"
"461","Endurance_training","6490834","","12317","20180316141725"
"462","Pump_and_run","6497914","","737","20180228134811"
"463","Papi_fut","6502588","","720","20180228134818"
"464","Pasuckuakohowog","6587475","","1373","20180313235510"
"465","The_Ring_magazine_Comeback_of_the_Year","6733696","","2714","20180312112330"
"466","One-game_playoff","6760905","","37384","20180303191936"
"467","Safeword_(sports)","6836777","","1611","20180228135425"
"468","Position_(team_sports)","6872513","","2226","20180228135452"
"469","Gym_floor_cover","6986061","","5464","20180306190512"
"470","Grind_(sport)","7055656","","1206","20180217061813"
"471","Motorcycle_rally","7157295","","10289","20180228135853"
"472","Blood_replacement","7164859","","4749","20180323132124"
"473","Volley_squash","7172805","","758","20180228135906"
"474","Slim_Jeans","7235494","","1204","20180202204721"
"475","AISTS","7301415","","7372","20180312123804"
"476","List_of_black_NHL_players","7426343","","46258","20180325143037"
"477","Depth_chart","7509291","","2377","20180302125330"
"478","Biathle","7676669","","10909","20180316154724"
"479","Upright_row","7781682","","2721","20180320155120"
"480","Sprung_floor","7799969","","16612","20180303192459"
"481","Osborn_Engineering","7859074","","2248","20180228140722"
"482","Kliek","7883908","","651","20130621143126"
"483","Sport_management","7901095","","2210","20180324173324"
"484","Illinois_agility_test","7915674","","2347","20180228140757"
"485","List_of_professional_sports_team_owners","7964652","","72014","20180324215257"
"486","List_of_largest_sports_contracts","8108006","","100437","20180321124903"
"487","Vice-captain","8114016","","934","20180228140959"
"488","Rotterdam_Sportsman_of_the_year","8128062","","4016","20170402195051"
"489","Amsterdam_Sportsman_of_the_year","8129268","","4213","20180228141008"
"490","Franchise_player","8136159","","3744","20180320052256"
"491","Palace_of_Sports","8192254","","4078","20180323185821"
"492","VERB_(program)","8194266","","2752","20180217151726"
"493","Olympic_Medal_Nobre_Guedes","8226501","","5176","20180314133453"
"494","Hockey_pants","8292421","","1266","20180228141153"
"495","Physical_activity_level","8294978","","2833","20180217151733"
"496","No_goal","8339716","","6549","20180309095940"
"497","NASCAR_rules_and_regulations","8343936","","55851","20180323151423"
"498","Final_four","8367801","","6059","20180323201442"
"499","Final_(competition)","8375856","","1821","20180228141247"
"500","True_Team","8391798","","1946","20180228141257"
"501","Open_frame","8505445","","440","20180310104112"
"502","Mixed_martial_arts_rules","8542143","","31271","20180325002919"
"503","Inflatable_arch","8617671","","1922","20180228141511"
"504","Umakant_Sharma","8642325","","3965","20180303192510"
"505","Cheating_in_chess","8705124","","43286","20180314002922"
"506","List_of_English_football_transfers_2006–07","8738257","","401","20180228141626"
"507","Contract_year_phenomenon","8774298","","4610","20180228141646"
"508","Whitewash_(sport)","8830995","","3152","20180311060818"
"509","Hockey_Day","8910922","","246","20180228141830"
"510","United_Press_International_Athlete_of_the_Year_Award","8931579","","6841","20180321213110"
"511","Charge_(fanfare)","8932227","","3790","20180303192513"
"512","Lucky_loser","8932630","","7432","20180217151829"
"513","Soviet_Union_top_ten_athletes_of_the_year","9101346","","5618","20180303192515"
"514","Team_World","9140079","","4285","20180303234112"
"515","Elizabethan_leisure","9171174","","5175","20180314173819"
"516","Sandsurfing","9197152","","1492","20180304175758"
"517","HangBoard","9234492","","1780","20180228142227"
"518","Virtual_replay","9310533","","889","20180228142340"
"519","List_of_United_States_bandy_champions","9344935","","3667","20180223005600"
"520","Retired_number","9385035","","23608","20180303192518"
"521","Ice_Breaker_Road_Race","9388486","","1323","20180322102400"
"522","1976_Philadelphia_Flyers–Red_Army_game","9414775","","10774","20180324113200"
"523","UCI_World_Cups","9444401","","585","20180109150831"
"524","Springbok_colours","9523753","","9634","20180312124003"
"525","Ring_announcer","9532306","","5009","20180325002925"
"526","Hockey_Rules_Board","9552941","","4392","20180214170433"
"527","National_Athletic_and_Cycling_Association","9584750","","12621","20180309153427"
"528","Benefit_(sports)","9607623","","4314","20180303192521"
"529","Restricted_free_agent","9641900","","9448","20180320123625"
"530","Rhieia","9743638","","755","20180213203846"
"531","Mallard_and_Claret","9796172","","758","20180228142941"
"532","Match_rifle_shooting","9920746","","673","20180228143137"
"533","Elcho_Shield","9921177","","2254","20180217151939"
"534","List_of_professional_sportspeople_convicted_of_crimes","10088016","","167527","20180324070618"
"535","Draft_blunder","10191869","","96","20180321060028"
"536","Indonesia_Open","10225256","","257","20180228143518"
"537","Duck_on_a_rock","10284069","","1496","20180228143621"
"538","Running_economy","10301769","","5127","20180228143639"
"539","Hack_Slap","10337172","","2194","20180110194634"
"540","Field_house","10510951","","5758","20180324231233"
"541","List_of_world_eight-ball_champions","10527057","","18485","20180320003744"
"542","Comparison_of_karate_styles","10549803","","6122","20180325002934"
"543","Enduroman","10818424","","3690","20180303192532"
"544","Starting_Lineup_(toy_line)","10842047","","5639","20180301073248"
"545","Ian_Thorpe_false_start_controversy","10906188","","4545","20180303192533"
"546","ESports_Award","10962329","","19136","20180319221818"
"547","Form_(exercise)","11022353","","1070","20180228144635"
"548","Sinclair_Coefficients","11072011","","5084","20180228144704"
"549","Gymkhana_(equestrian)","11209462","","4604","20180317002052"
"550","Player_Games","11252425","","814","20180228144853"
"551","Blue_chip_(sports)","11489708","","2506","20180217152138"
"552","Status_lists_of_players_in_professional_sports","11706234","","6083","20180228145350"
"553","Pro_shop","11772384","","2308","20180228145424"
"554","Billy's_Bootcamp","11874234","","2297","20180314133519"
"555","Athlete_of_the_Year","11949367","","8923","20180316154728"
"556","Racism_in_sport","11983860","","31470","20180319224004"
"557","List_of_rodeos","11996499","","11721","20180314002934"
"558","American_Tennis_Association","12016820","","4660","20180312124151"
"559","Speed_on_Fox","12030223","","1734","20180323201634"
"560","Blood_rule","12058753","","3339","20180228145757"
"561","Ballistic_training","12235163","","11384","20180315215021"
"562","Replay_(sports)","12422239","","9294","20180303192547"
"563","The_Sports_Network_(wire_service)","12488456","","3247","20180312112343"
"564","Boston_Teapot_Trophy","12548249","","448","20180228150334"
"565","Pace_race","12595151","","751","20180112160135"
"566","Long-term_complications_of_standing","12646543","","12897","20180228150501"
"567","Whole_body_vibration","12661386","","19118","20180312150345"
"568","Hot_potato_(game)","12682501","","3255","20180314200244"
"569","Cheating_at_the_Paralympic_Games","12773286","","16109","20180321212500"
"570","Great_Big_Events","12774174","","2695","20180228150637"
"571","Survival_training","12794501","","806","20180228150650"
"572","All-Around_Cowboy","12923862","","3694","20180217152352"
"573","Nutrient_timing","13019929","","2041","20180217152409"
"574","List_of_English_football_transfers_2007–08","13032210","","401","20180228150959"
"575","Pushcart_derby","13055810","","1162","20180228151016"
"576","Roadwalking","13114290","","532","20180228151126"
"577","Cockbain","13197605","","400","20180228151236"
"578","Simod","13223323","","1184","20180228151256"
"579","Fitness_boot_camp","13225048","","5192","20180304175759"
"580","Tokyo_Sports","13319241","","1894","20180312124258"
"581","PDHPE","13350625","","1129","20180228151423"
"582","Riding_school_bus","13531511","","2146","20140521203940"
"583","Olympic_Project_for_Human_Rights","13533152","","2374","20180228151620"
"584","Revival_(sports_team)","13553061","","5396","20180304175759"
"585","Hungarian_system","13555214","","4171","20180228151633"
"586","Water_stop_(sports)","13655207","","2401","20180227173458"
"587","Brevet_d'État_d'éducateur_sportif","13743209","","1213","20180322102401"
"588","Uniform_number_(Major_League_Baseball)","13859218","","29103","20180317174843"
"589","Core_stability","13872332","","9602","20180302053657"
"590","Passing_(sports)","14007536","","3344","20180228152120"
"591","Continuous_training","14018896","","4543","20180321125427"
"592","Uniform_number_(American_football)","14110730","","14710","20180303192605"
"593","Black_participation_in_college_basketball","14181142","","14181","20180314002942"
"594","Seattle_Sounders_(disambiguation)","14225420","","665","20180319201455"
"595","Offer_sheet","14238921","","8986","20180316213656"
"596","Sports_tourism","14334085","","8060","20180303164024"
"597","List_of_winless_seasons","14417906","","54845","20180313152533"
"598","Glossary_of_archery_terms","14488307","","14713","20180325143038"
"599","Line_call","14613477","","1012","20180228152807"
"600","Incremental_exercise","14670246","","8225","20180322102401"
"601","Tousse","14676088","","693","20180228152854"
"602","South_Australian_Sports_Institute","14726587","","431","20180113181350"
"603","Sports_chaplain","14743820","","6068","20180228152947"
"604","Stadium_subsidy","14743863","","26109","20180323132516"
"605","Hooping","14797488","","15706","20180228153022"
"606","Traditional_boat_race_at_the_2007_Southeast_Asian_Games","14920768","","4330","20180325043748"
"607","Triathlon_at_the_2007_Southeast_Asian_Games","14920833","","1190","20180325043748"
"608","Odds_compiler","14923182","","2267","20180228153139"
"609","National_Letter_of_Intent","14966611","","6073","20180314002946"
"610","Australia_national_soccer_team_results","15099742","","1786","20180321073751"
"611","Performance_surface","15107732","","8183","20180319053552"
"612","Strength_athlete","15112360","","996","20180228153405"
"613","Omnium","15128648","","5002","20180303192614"
"614","Islam_El_Shehaby","15257559","","12915","20180318181601"
"615","Aquabike","15292585","","1363","20180303234115"
"616","Sports_information_director","15423187","","2234","20180221134329"
"617","Equipment_manager","15459738","","2165","20180228153821"
"618","Kaatsu","15525857","","6355","20180228153900"
"619","Oregon_Sports_Network","15801493","","1635","20180323085333"
"620","Tangolates","15882816","","3377","20180228154314"
"621","German_Sports_Badge","16082629","","14071","20180312124529"
"622","Double_Full","16092409","","1383","20180322102401"
"623","National_Center_for_Sports_Safety","16161949","","2435","20180114101617"
"624","Telecatch","16206356","","1310","20180321212529"
"625","107%_rule","16308030","","37724","20180319015608"
"626","Gate_receipts","16316817","","509","20180228154824"
"627","Pak_salto","16636474","","1290","20180314133551"
"628","Luis_Resto_(boxer)","16677153","","8074","20180314002955"
"629","European_Senior_Masters","16729574","","330","20180228155205"
"630","Rating_of_perceived_exertion","16732126","","5303","20180315185323"
"631","Shovelglove","16752887","","2154","20180228155220"
"632","Russian_twist","16759570","","2285","20180228155225"
"633","Sport_industry","16760410","","752","20180324173418"
"634","WTA_Tokyo","16776953","","538","20180228155234"
"635","Selector_(sport)","16876591","","404","20180228155341"
"636","Model_engine_classes","16924650","","798","20180114155027"
"637","Guillotine_(wrestling)","16930156","","2111","20180303234116"
"638","Traveling_team","17146605","","6941","20180228155637"
"639","Smolov_Squat_Routine","17183230","","1828","20180228155657"
"640","Billabong_XXL","17196911","","762","20180312112352"
"641","Economics_of_the_FIFA_World_Cup","17213214","","13788","20180314173812"
"642","Substitution_(sport)","17287389","","1459","20180228155757"
"643","National_championship","17379274","","3105","20180225070432"
"644","Rodeo_queen","17570342","","2502","20180303192636"
"645","Tenniseum","17604592","","1316","20180301135534"
"646","Wrestling_at_the_2005_Summer_Universiade","17827847","","4286","20180310031331"
"647","ATP_Bologna","17937211","","321","20180228160425"
"648","Circadian_advantage","17971017","","8507","20180303192640"
"649","Keyhole_race","17976045","","1803","20180114220040"
"650","List_of_karate_terms","18007329","","910","20180325143038"
"651","Age_requirements_in_gymnastics","18170010","","33224","20180314003008"
"652","Tachikara","18269256","","674","20180115001351"
"653","Small_market","18275771","","1301","20180115001528"
"654","National_sport","18360639","","32485","20180322165355"
"655","Bhastrika","18368400","","2133","20180220201254"
"656","John_Barrett_(athlete)","18396190","","1523","20180311010654"
"657","SportsML","18530647","","1507","20180228161303"
"658","Beach_Volleyball_Database","18643864","","3375","20180312124732"
"659","2007_Winter_Deaflympics","18709825","","985","20180312124737"
"660","National_Sports_Collectors_Convention","18735835","","5481","20180228161456"
"661","Scout.com","18738864","","3260","20180312124738"
"662","Allsport_GPS","18906408","","6294","20180323095512"
"663","Kneeling_position","18938090","","1521","20180228161716"
"664","CARIFTA_Games","18951015","","53858","20180306042331"
"665","Technical_time-out_(volleyball)","18958780","","1327","20180217153142"
"666","2012_in_sports","18991286","","52664","20180321213121"
"667","List_of_English_football_transfers_2002–03","19192410","","396","20180228162015"
"668","List_of_English_football_transfers_2003–04","19192608","","401","20180228162015"
"669","List_of_English_football_transfers_2004–05","19193429","","401","20180228162015"
"670","List_of_English_football_transfers_2005–06","19199632","","405","20180228162019"
"671","Politics_and_sports","19233165","","66036","20180314122533"
"672","List_of_strongman_competitions","19237674","","6423","20180117033616"
"673","Eastern_Mediterranean_Activities_Conference","19276576","","6531","20180312124816"
"674","Cadence_(gait)","19321667","","1151","20180314003013"
"675","Shree_Shiv_Chhatrapati_Sports_Complex","19326709","","17040","20180321124850"
"676","Pole_dance","19337262","","27028","20180317075246"
"677","Sports_Car_Club_of_British_Columbia","19352673","","1776","20180213204031"
"678","2013_in_sports","19474965","","118133","20180325143044"
"679","Franjo_Bučar_State_Award_for_Sport","19478522","","13358","20180314133615"
"680","Sports_ticket_derivative","19556861","","2515","20180303192656"
"681","Stowboard","19680953","","2340","20180213202839"
"682","Trade_(sports)","19851994","","17169","20180322170054"
"683","Shaughnessy_playoff_system","19898520","","15687","20180303191946"
"684","VVO2max","19970230","","3402","20180217153333"
"685","The_Springboks'_Waltz","20008934","","882","20180303192701"
"686","Metabolic_window","20023618","","2224","20180304230105"
"687","Team_chasing","20136937","","1349","20180317002052"
"688","Street_sports","20307471","","8307","20180122212251"
"689","Pole_jam","20451947","","1043","20180122212206"
"690","Shanghai_Masters","20520218","","246","20161231064001"
"691","List_of_male_freestyle_wrestlers","20606686","","548","20180108071720"
"692","Lofting_(bowling)","20699999","","1678","20180217153427"
"693","Banespa_Open","20743812","","228","20171213013516"
"694","Asian_Sportsman_of_the_year","20827570","","1969","20180310031332"
"695","Madrid_Open","20854611","","313","20171122071954"
"696","Saipa_Cultural_and_Athletic_Corporation","20950707","","598","20180115220511"
"697","Golf_course_superintendent","21022851","","4810","20180306142453"
"698","Sked","21053175","","2437","20180217153457"
"699","Derbi_barceloní","21108443","","45753","20180320095817"
"700","List_of_UFC_bonus_award_recipients","21114902","","63803","20180324232655"
"701","Gladiaattorit","21236076","","3236","20180312124948"
"702","1001_to_1600_in_sports","21242066","","10718","20180316231459"
"703","Debenture_(sport)","21250203","","6328","20180303192713"
"704","1833_in_sports","21270524","","2295","20180316231459"
"705","1832_in_sports","21270628","","1485","20180316231459"
"706","1831_in_sports","21270683","","1405","20180316231459"
"707","1828_in_sports","21271319","","1443","20180316231459"
"708","1827_in_sports","21271496","","1731","20180316231459"
"709","1826_in_sports","21271558","","2164","20180316231459"
"710","1825_in_sports","21284997","","1939","20180316231459"
"711","1824_in_sports","21285095","","1995","20180316231459"
"712","1823_in_sports","21285335","","1974","20180316231459"
"713","1601_to_1700_in_sports","21334958","","8696","20180316231459"
"714","1822_in_sports","21336687","","1961","20180316231459"
"715","1821_in_sports","21336714","","2752","20180316231459"
"716","1820_in_sports","21341464","","1906","20180316231459"
"717","Transitional_coordinator","21359094","","1067","20180213202852"
"718","1819_in_sports","21426427","","1596","20180316231459"
"719","1818_in_sports","21426508","","1814","20180316231459"
"720","1817_in_sports","21426593","","2745","20180316231459"
"721","1816_in_sports","21426762","","2159","20180316231459"
"722","1810_in_sports","21433889","","1978","20180316231459"
"723","1781_in_sports","21434246","","1238","20180316231459"
"724","World_Poker_Tour_bracelet","21490106","","2847","20180217153539"
"725","Exercise_prescription","21496931","","13093","20180224094600"
"726","Big-ways","21785753","","2209","20180108161735"
"727","Disaster_draft","22102295","","10714","20180321055814"
"728","Congressional_Baseball_Game","22166508","","38087","20180312112402"
"729","Ancient_Greek_Olympic_festivals","22559320","","4623","20180114140558"
"730","Newron_Cup","22570557","","1158","20180319221825"
"731","Scaption","22589405","","980","20180322102403"
"732","Anti-jock_movement","22618190","","7945","20180217153731"
"733","Sports_biomechanics","22702381","","4707","20180316160920"
"734","Madrid_Masters","22758092","","605","20171023130520"
"735","FanHouse","22837454","","2148","20180321040759"
"736","Naisten_kymppi","22857578","","1001","20180213202903"
"737","America's_Polo_Cup","22862640","","6219","20180303192732"
"738","Kutaisi_Museum_of_Sport","22927884","","370","20180116223102"
"739","Kutaisi_Museum_of_Martial_Art","22927891","","383","20180116223102"
"740","Points_percentage","22928159","","77","20180224030153"
"741","Skull_and_crossbones_(fraternities_and_sports)","23169442","","4825","20180217153820"
"742","Hospital_pass","23238167","","3321","20180303192736"
"743","2014_in_sports","23308062","","277999","20180325125753"
"744","Basketball_at_the_1959_Summer_Universiade","23471260","","719","20180213041247"
"745","McNasty","23644671","","686","20180213204100"
"746","Prehabilitation","23758579","","2713","20180217153912"
"747","2004_World_Interuniversity_Games","23791409","","616","20180117112934"
"748","2003_World_Interuniversity_Games","23791416","","601","20180117112934"
"749","2002_World_Interuniversity_Games","23791425","","724","20180117112934"
"750","Panda_Basketball_Academy","23804989","","775","20180213202913"
"751","List_of_gridiron_football_rules","24028272","","107349","20180306003733"
"752","Give-and-go","24120739","","597","20180117161517"
"753","Swing_timing","24152467","","8810","20180317023447"
"754","Sports_novel","24353158","","294","20171219183937"
"755","List_of_sports_team_names_and_symbols_derived_from_Greek_and_Roman_antiquity","24444533","","9335","20180303192750"
"756","Dyson_Award","24695267","","335","20170825093838"
"757","Sportnews.mn","24717218","","2163","20180312125256"
"758","1815_in_sports","24732410","","2130","20180316231459"
"759","1814_in_sports","24732626","","3234","20180316231459"
"760","1813_in_sports","24768917","","2476","20180316231459"
"761","1812_in_sports","24775408","","1485","20180316231459"
"762","1811_in_sports","24775498","","1826","20180316231459"
"763","1801_in_sports","24808992","","3616","20180316231459"
"764","1802_in_sports","24808998","","1255","20180316231459"
"765","1803_in_sports","24809002","","1314","20180316231459"
"766","1804_in_sports","24809007","","1258","20180316231459"
"767","1805_in_sports","24809010","","1729","20180316231459"
"768","1806_in_sports","24809013","","1288","20180316231459"
"769","1807_in_sports","24809021","","1579","20180316231459"
"770","1808_in_sports","24809028","","1526","20180316231459"
"771","1809_in_sports","24809042","","2654","20180316231459"
"772","Boardwear","24903890","","61","20180222232238"
"773","United_States_national_team","24912664","","5147","20180314012824"
"774","North_American_Association_of_Sports_Economists","24923714","","3174","20180109113304"
"775","1799_in_sports","24987722","","1451","20180316231459"
"776","1798_in_sports","24987749","","1241","20180316231459"
"777","1797_in_sports","24987758","","1295","20180316231459"
"778","1796_in_sports","24989396","","1978","20180316231459"
"779","1795_in_sports","24989410","","1494","20180316231459"
"780","1794_in_sports","24989421","","1976","20180316231459"
"781","1793_in_sports","24989432","","1264","20180316231459"
"782","1792_in_sports","24989445","","1436","20180316231459"
"783","1791_in_sports","24989457","","1795","20180316231459"
"784","1790_in_sports","24995235","","2200","20180316231459"
"785","1789_in_sports","24995249","","2207","20180316231459"
"786","1788_in_sports","24997624","","1488","20180316231459"
"787","1787_in_sports","24997632","","2222","20180316231459"
"788","1786_in_sports","24997636","","2171","20180316231459"
"789","1785_in_sports","24997641","","1277","20180316231459"
"790","1784_in_sports","24997648","","1368","20180316231459"
"791","1783_in_sports","24997655","","1390","20180316231459"
"792","1782_in_sports","24997660","","1003","20180316231459"
"793","1779_in_sports","24997724","","2120","20180316231459"
"794","1778_in_sports","24997729","","1198","20180316231459"
"795","1777_in_sports","24997734","","1570","20180316231459"
"796","1776_in_sports","24997739","","1598","20180316231459"
"797","Slump_(sports)","25039103","","1773","20180317174843"
"798","J-Setting","25161168","","9297","20180323201503"
"799","Race_and_sports","25172837","","58590","20180323191657"
"800","Isometric_exercise_device","25288890","","4338","20180217154115"
"801","Supporters'_groups","25425661","","29577","20180318214737"
"802","Exercise_therapy_for_idiopathic_inflammatory_myopathies","25663854","","7390","20170718064702"
"803","Laws_of_rugby_league","25776673","","74591","20180303192805"
"804","Pro–am","25803412","","3999","20180227173604"
"805","List_of_jumping_activities","25804896","","1509","20180222114412"
"806","List_of_professional_sports","25806331","","14233","20180314003044"
"807","Computer_science_in_sport","25852537","","9600","20180217154202"
"808","Heli_hiking","25907376","","502","20180118041714"
"809","Spartakiad_(Albania)","25909032","","1569","20180325161404"
"810","Combat_football","25989037","","1762","20180217154213"
"811","Sportal.bg","26109096","","1998","20180312125402"
"812","List_of_Grand_Sport_sponsorships","26117453","","1680","20180212131506"
"813","Tigers_(sports_teams)","26126951","","4591","20180307172751"
"814","Sports_analyst","26161381","","2048","20180217154229"
"815","Winter_triathlon","26227647","","1430","20180217154234"
"816","ACSM_American_Fitness_Index","26351000","","3563","20180217154241"
"817","Palatinate_(award)","26525524","","2085","20180307070800"
"818","List_of_equestrian_sports","26527779","","3124","20180317002052"
"819","Physique_57","26592735","","6077","20180312112417"
"820","Sports_festival","26697252","","63","20180323082804"
"821","Sports_venue","26784243","","1770","20180126065713"
"822","List_of_American_public_address_announcers","26817936","","5761","20180217154314"
"823","Religious_symbolism_in_U.S._sports_team_names_and_mascots","26924086","","22438","20180217154320"
"824","National_Dodgeball_League_rules","26945737","","9523","20180322040852"
"825","Tobacco_usage_in_sport","27140258","","22347","20180314003049"
"826","RacingThePlanet","27218951","","24404","20180312125456"
"827","BodyRock_Sport","27252632","","2828","20180312125458"
"828","Callanetics","27303975","","17390","20180316142203"
"829","Exercise_prescription_software","27364911","","839","20180110080818"
"830","Hydrapak","27399632","","2753","20180312125503"
"831","Evraz_Place","27454840","","2152","20180312112420"
"832","Short_course_prevention_factor","27490266","","2322","20180217154356"
"833","Athletics_(physical_culture)","27496299","","12978","20180324092927"
"834","Phoenix_club_(sports)","27530710","","41327","20180323083122"
"835","National_Rifle_Team","27565209","","455","20180110110440"
"836","UCI_Mountain_Bike_&_Trials_World_Championships_–_Women's_dual","27566809","","1436","20180223005721"
"837","Austrian_Sports_Badge","27657401","","4050","20180312125514"
"838","Iranian_Premier_Wrestling_League","27706904","","2231","20180312125516"
"839","Gerad_Tehran_Club","27706993","","1256","20180312125516"
"840","Motoball","27753080","","838","20180223225202"
"841","Free_substitution","27765900","","6406","20180316010908"
"842","Eastern_Intercollegiate_League","27879808","","775","20161231100501"
"843","StatSheet","27951978","","3539","20180322102404"
"844","The_World_Triathlon","27980498","","1479","20180118143530"
"845","List_of_sports_clubs_named_after_a_sponsor","28005160","","8222","20180310031338"
"846","Soccer_shirt","28011098","","70","20180202145548"
"847","Pick-up_game","28018962","","1593","20180217154438"
"848","Red_Sports_Federation","28140969","","2362","20180318114324"
"849","Museum_of_Sport_and_Tourism","28203013","","1214","20180214012406"
"850","Pistol-Flex_Football_Formation","28205256","","2371","20180217154454"
"851","SpecTrek","28243188","","3014","20180312125547"
"852","Fussballdaten.de","28254401","","1542","20180312125548"
"853","Groundhopping","28268871","","1462","20180217154458"
"854","Sport_and_Citizenship","28305671","","4636","20180316154220"
"855","North-West_Football_Championship","28501103","","3651","20180314133736"
"856","Miss_Basketball","28549513","","244","20180113034445"
"857","DailyBurn","28579986","","3685","20180312125602"
"858","List_of_sports_clubs_inspired_by_others","28685178","","38226","20180321213133"
"859","Real_tennis_rules","28696832","","84","20180315193013"
"860","Proposition_48_(NCAA)","28825533","","3257","20180223005728"
"861","San_Diego_Polo_Club","28893083","","884","20180217154535"
"862","2019_in_sports","28959171","","16056","20180318100750"
"863","TriBalance_Hot_Yoga","29020782","","5292","20180312112427"
"864","International_Journal_of_Sports_Marketing_&_Sponsorship","29432322","","1537","20180312112429"
"865","Outline_of_running","29475492","","9653","20180321142249"
"866","1939_International_University_Games_(Vienna)","29577572","","13246","20180324010030"
"867","Harz_Mountain_Run","29641566","","1141","20180314133743"
"868","Sockgate","29663719","","14159","20180314133743"
"869","2015_in_sports","30008923","","292170","20180325125846"
"870","2016_in_sports","30010039","","287795","20180325125644"
"871","2017_in_sports","30010180","","394969","20180325125821"
"872","2018_in_sports","30010285","","398939","20180325150755"
"873","International_Shuffleboard_Association","30145710","","1785","20180312125658"
"874","Continental_championship","30163958","","632","20180321144948"
"875","Tarung_derajat_at_the_2011_Southeast_Asian_Games","30230007","","360","20180123050459"
"876","National_Healthy_Schools_Programme","30322189","","5196","20180217154717"
"877","Personal_finances_of_professional_American_athletes","30348396","","24420","20180303192855"
"878","SWAC_Championship_Game","30412678","","28539","20180317200419"
"879","Mental_toughness","30498023","","24363","20180217154727"
"880","Draft_steal","30722684","","95","20180321060028"
"881","Sweet_spot_(sports)","30792221","","1127","20180317174843"
"882","Scratch_team","30879795","","2598","20180217154759"
"883","ESPNscrum","30953601","","2658","20180325095743"
"884","Stoke_Mandeville_Stadium","31058601","","3791","20180225070521"
"885","NFL_lockout","31160432","","1654","20180218204116"
"886","Sprint_finish","31210322","","85","20180308025019"
"887","Technology_doping","31240382","","7371","20180225070522"
"888","Concentric_hypertrophy","31300555","","1447","20180111050612"
"889","Modular_stadium","31325391","","4263","20180304175803"
"890","Big_Four_(polo)","31337502","","1469","20180303192907"
"891","Cricket_diplomacy","31361254","","10793","20180314003108"
"892","Rules_of_netball","31464757","","24025","20180324153521"
"893","Product_Architects,_Inc.","31488775","","7249","20180312125756"
"894","Group_green_exercise","31493190","","1218","20180213203127"
"895","Sports_complex","31563846","","1111","20180126061000"
"896","Barcelona_Open","31580542","","427","20171111073403"
"897","Arteriovenous_oxygen_difference","31638472","","7820","20180217154905"
"898","Jackknife_(exercise)","31733565","","909","20180322102405"
"899","List_of_ACC_Championship_Games","31798733","","623","20161231113956"
"900","List_of_English_football_transfers_2008–09","31810516","","401","20161231114045"
"901","List_of_English_football_transfers_2010–11","31810526","","409","20161231114045"
"902","Glossary_of_football_terms","31819951","","883","20170222082017"
"903","List_of_English_football_transfers_2009–10","31822184","","401","20161231114120"
"904","Soccket","32114907","","3756","20180303192920"
"905","Gong.bg","32144860","","1609","20180312125824"
"906","Sporting_director","32602227","","2027","20180227173611"
"907","The_Forbidden_Team","32715601","","3288","20180314133803"
"908","Squash_at_the_2003_All-Africa_Games","32945873","","1736","20180325043758"
"909","Sports_Cartoons_Award","33056505","","249","20180318053454"
"910","Boycotts_of_Israel_in_sports","33068350","","21904","20180303192930"
"911","UEFA_Champions_League_clubs_performance_comparison","33070409","","56936","20180321213139"
"912","Sports_Spat","33156739","","899","20151011151543"
"913","Exercise_addiction","33242198","","17976","20180315063552"
"914","Live_scores","33249442","","2429","20180311025429"
"915","MIT_Sloan_Sports_Analytics_Conference","33296481","","55235","20180312125917"
"916","NBA_lockout","33328593","","1346","20180322230050"
"917","MLB_lockout","33328922","","2612","20180313182916"
"918","1995_IWRF_World_Championship","33387856","","274","20180119165237"
"919","Kallinge-Ronneby_IF","33469584","","1484","20180312125929"
"920","Formula_One_World_Champions","33517174","","995","20171220102737"
"921","ESPRIT_project","33685545","","15304","20180312112440"
"922","International_ZO_Women's_Tournament","33850652","","3069","20180217155216"
"923","Jane_Blalock_v._Ladies_Professional_Golf_Association","33893690","","30285","20180312125948"
"924","Untimed_play","33965005","","3307","20180217155226"
"925","Hind_Kesari","34162397","","6112","20180306105245"
"926","UEFA_Financial_Fair_Play_Regulations","34255206","","147228","20180314133815"
"927","PDC_Awards_Dinner","34268983","","12064","20180309030758"
"928","Defensive_Player_of_the_Year_Award","34270483","","788","20170725172820"
"929","Weber_State_Wildcats_women's_basketball","34400994","","2069","20180323201514"
"930","Glossary_of_North_American_horse_racing","34424395","","34757","20180325143040"
"931","L'Équipe_Champion_of_Champions","34473823","","10286","20180314133817"
"932","Glima_at_the_1912_Summer_Olympics","34743010","","819","20180222080818"
"933","Chi_ball","34775619","","1144","20180217155338"
"934","Race_and_ethnicity_in_the_NBA","34847833","","16775","20180322230050"
"935","Ultimate_Tazer_Ball","34870622","","2176","20180313185950"
"936","Women's_European_Ice_Hockey_Championships","35037792","","465","20170427061430"
"937","Ratzeburg_Test","35197077","","3336","20170910123251"
"938","1971_World_Table_Tennis_Championships","35366602","","5048","20180321213141"
"939","List_of_English_football_transfers_2001–02","35465380","","396","20161231131129"
"940","Middle_East_South_Asia_Conference","35505755","","2761","20180312130053"
"941","List_of_hockey_world_championships","35604308","","3264","20180213203223"
"942","General_strength_exercise","35605527","","2794","20180217155440"
"943","Specialized_strength_exercise","35620181","","3401","20180217155441"
"944","BeIN_Sports","35678135","","36751","20180323085333"
"945","Mustache_Dashe","35709896","","1227","20180312130106"
"946","Sports_media","35778747","","166","20180223012735"
"947","Grassboarding","35875720","","1070","20180303193000"
"948","2020_in_sports","36039613","","3392","20180316231116"
"949","Aviva_method","36151626","","3488","20180217155538"
"950","Belt-sander_racing","36233760","","2576","20180217155548"
"951","Concussions_in_sport","36306767","","45437","20180325003251"
"952","Admiral-Lord_Mountevans_rules","36376647","","5530","20180321212900"
"953","Sport_culture","36615149","","50","20180318005923"
"954","Olympic_diploma","36694620","","2777","20180319221840"
"955","Football_strength","36708486","","10611","20180217155648"
"956","Rebound_exercise","37002564","","12594","20180312114623"
"957","Ethnosport","37067463","","6114","20180314133851"
"958","Head_Games_(film)","37083057","","7532","20180320223952"
"959","Gardner–Webb_Runnin'_Bulldogs_women's_basketball","37100304","","2263","20180323201517"
"960","The_System_(Gaelic_football)","37157271","","18351","20180307215720"
"961","Pregaming","37158269","","14788","20180311181444"
"962","Chronic_training_load","37307060","","1066","20180322102407"
"963","Football_records","37365395","","422","20180303235541"
"964","FIH_All-Star_Teams","37492286","","8182","20180318002604"
"965","Crowd_abuse","37568775","","803","20180303193022"
"966","Mogo_Wheelchairs","37594948","","2904","20180312112503"
"967","Head_harness_(weight_training)","37622156","","460","20180122022920"
"968","Tennessee_Wesleyan_Bulldogs","37623537","","2987","20180312130235"
"969","2012_National_Finals_Rodeo","37661315","","609","20180302185402"
"970","Truett_McConnell_Bears","37669712","","2801","20180312130237"
"971","Iron_man_(sports_streak)","37780041","","19281","20180227173617"
"972","2007_Asian_Athletics_Championships_–_Men's_triple_jump","37786440","","1370","20180318100752"
"973","Sport_Sciences_Research_Institute_of_Iran","37817564","","1611","20170718144106"
"974","Mansiche_Sports_Complex","37840258","","3189","20180217155825"
"975","Frontier_Falcon","37972498","","278","20180112035722"
"976","Northern_Cavaliers","37972503","","281","20180112035722"
"977","Shan-e-Punjab","37972506","","329","20180122053219"
"978","Sindh_Qalanders","37972511","","344","20180122053219"
"979","List_of_professional_bodybuilding_competitions","38093715","","1952","20180325143040"
"980","World_MMA_Awards","38202925","","24386","20180325161406"
"981","EuroLeague_clubs_performance_comparison","38247747","","26174","20180323224735"
"982","Ben_Thackwray","38266244","","5333","20180303200609"
"983","Forfeit_(sport)","38393475","","10198","20180314133906"
"984","Dưỡng_sinh","38485157","","2511","20150405144647"
"985","Squash_ball_machine","38724644","","8245","20180213203254"
"986","Match_performance_indicator","38856646","","812","20180213203255"
"987","Norfolk_Brawds_Roller_Derby","38868427","","4511","20180312130328"
"988","ASEAN_Schools_Sports_Council","38922355","","1364","20180312130331"
"989","EHF_Champions_League_clubs_performance_comparison","38937556","","56578","20180321213147"
"990","TiLite","39085480","","4968","20180312130338"
"991","Handball_at_the_2013_Mediterranean_Games","39232900","","2740","20180325043802"
"992","Shep_diagram","39281578","","1885","20140603050353"
"993","Personal_record","39292677","","1234","20180217160056"
"994","Sportskeeda","39464471","","5360","20180312130359"
"995","Prancercise","39671195","","13274","20180303193047"
"996","WDSF_World_Formation_Latin_Championships","39728839","","3738","20180325120311"
"997","Controversies_in_professional_sumo","39748081","","11292","20180314213855"
"998","Sport_pedagogy","39793951","","6147","20180213203312"
"999","Shooting_at_the_1987_Pan_American_Games","40000555","","6772","20180325043802"
"1000","Essendon_Football_Club_supplements_saga","40056381","","85118","20180325142620"
"1001","Montenegrin_Sports_Academy","40151251","","3167","20180213203320"
"1002","2021_in_sports","40250906","","4260","20180316231116"
"1003","2022_in_sports","40250945","","1582","20180318100752"
"1004","2023_in_sports","40250996","","2041","20180318100752"
"1005","2024_in_sports","40251018","","539","20180316231116"
"1006","Wrestle_Talk_TV","40280683","","3491","20180321212930"
"1007","Stadium_diplomacy","40288719","","24663","20180318094914"
"1008","Floor-Barre","40476521","","2191","20180312112511"
"1009","Philosophy_of_sport","40540417","","7345","20180217160257"
"1010","2013_Trabzon_Cup","40574214","","255","20161231150925"
"1011","Athletics_at_the_2003_Summer_Universiade_–_Men's_pole_vault","40647015","","3184","20180321213149"
"1012","Pullover_(exercise)","40694010","","2185","20180217160310"
"1013","Elena_Gibson","40818021","","4533","20171112160156"
"1014","African_Championship","40839299","","2275","20180321144948"
"1015","Sports_Reference","40917007","","3346","20180312130507"
"1016","Heuristics_and_sports","40933018","","7878","20180322102408"
"1017","PiYo","40953309","","1455","20180303193100"
"1018","List_of_eSports_games","41118773","","67201","20180319202359"
"1019","Crystal_Bicycle","41167561","","3536","20180314133947"
"1020","Decisions_in_combat_sports","41181135","","5066","20180217175452"
"1021","Fischer–Spassky_(1992_match)","41239809","","53915","20180303193104"
"1022","Split_draw","41300674","","889","20180325003325"
"1023","Cronulla-Sutherland_Sharks_supplements_saga","41334623","","19542","20180321212940"
"1024","Pan-American_Korfball_Championship","41467472","","1073","20180305112127"
"1025","List_of_professional_sports_leagues_by_revenue","41554660","","26381","20180321213150"
"1026","Cann_table","41668046","","1776","20180217160445"
"1027","FanDraft","41706817","","4313","20180312130546"
"1028","Mad_Dogg_Athletics","41725244","","6449","20180312130548"
"1029","Wrestling_Australia","41918584","","3126","20180312130556"
"1030","Isoinertial","41978562","","3492","20180315062827"
"1031","Euro-Sportring","41988941","","5335","20180316154752"
"1032","BodyCode_Training_System","42031171","","7869","20180312130603"
"1033","Shuai_Shou_Gong","42043844","","1523","20180113103852"
"1034","2013–14_Färjestad_BK_season","42122545","","983","20180312130606"
"1035","2014_FILA_Wrestling_World_Cup_-_Women's_freestyle","42262612","","866","20180319212108"
"1036","Skinny_Bitch_Fitness","42335286","","2480","20180302060510"
"1037","Sports_Complex_(Jacksonville)","42362442","","82","20171017012500"
"1038","Podiuming","42458903","","1462","20180213203359"
"1039","Penalty_shoot-out_(field_hockey)","42538249","","11438","20180317210636"
"1040","Steve_Patterson_Award_for_Excellence_in_Sports_Philanthropy","42574927","","258","20180315125211"
"1041","France_women's_national_rugby_league_team","42645273","","1806","20180321071459"
"1042","UEFA_Europa_League_clubs_performance_comparison","42862324","","65278","20180321213152"
"1043","European_committee_for_sports_history","42868401","","5022","20180217160621"
"1044","Shazzy_Fitness","42901195","","4692","20180217160623"
"1045","Vaginal_weightlifting","43058690","","7746","20180303193127"
"1046","Vascular_occlusion_training","43062065","","2484","20180130203311"
"1047","2015_UCI_World_Championships","43143336","","1327","20180314183741"
"1048","Pakistan_Wrestling_Federation","43220857","","2188","20180312130652"
"1049","Croatian_Cup","43246512","","297","20161231161105"
"1050","Race_clock","43248607","","1041","20180217160652"
"1051","IFAF_Flag_Football_World_Championship","43253761","","5156","20180325120311"
"1052","Soleus_Running","43346433","","1588","20171231130310"
"1053","Polonia_Khmelnytsky","43396991","","1195","20180213203411"
"1054","Sports_Backers","43401299","","9043","20180217160714"
"1055","Advanced_metrics","43482107","","24784","20180303193131"
"1056","Palant","43499074","","2891","20180217160726"
"1057","Pan_American_Sports_Festival","43530817","","4186","20180314134013"
"1058","Sportspeople_who_died_during_their_careers","43611133","","2333","20171003053808"
"1059","USA–USSR_Track_and_Field_Dual_Meet_Series","43709768","","8958","20180223005835"
"1060","Coast_Valley_League","43714433","","777","20180218103616"
"1061","Concussions_in_high_school_sports","43740334","","7230","20180217160752"
"1062","World_Armwrestling_Championship","43772692","","7378","20180325120311"
"1063","List_of_professional_sports_music_groups","43787282","","2629","20180322102410"
"1064","1969_Copa_Libertadores_Finals","43811513","","6747","20180312130721"
"1065","1971_Copa_Libertadores_Finals","43815410","","3585","20180312130721"
"1066","North_Yosemite_League","43937967","","1870","20180122160921"
"1067","Concerns_and_controversies_at_the_2014_Asian_Games","44022067","","33623","20180303193138"
"1068","Major_decision","44209774","","414","20180122162903"
"1069","Submaximal_performance_testing","44269077","","2144","20180217160851"
"1070","Melbourne_City_FC_Reserves","44324844","","6380","20180325134157"
"1071","Negative_split","44466503","","9506","20180321190404"
"1072","WWE_Workout_Series","44980566","","5465","20180321213018"
"1073","RotoGrinders","45030167","","2514","20180312130811"
"1074","Boxercise","45065219","","3304","20180303193150"
"1075","Misogyny_in_sports","45241529","","26174","20180309202728"
"1076","Pacing_strategies_in_track_and_field","45390377","","8019","20180217161035"
"1077","Movement_assessment","45417893","","10684","20180226141532"
"1078","AntiGravity_Fitness","45449589","","7304","20180312130825"
"1079","Dynamo_Alma-Ata","45532512","","1686","20180314134030"
"1080","Special_Times_Just_Right","45546739","","1300","20180217161054"
"1081","Melbourne_City_FC_NPL","45592921","","9383","20180325134159"
"1082","50+1_rule","45617006","","4450","20180217161059"
"1083","Fitness_culture","45705591","","18035","20180322032330"
"1084","Nike_Cachaña","46245171","","885","20180217161115"
"1085","World_Sports_Values_Summit_for_Peace","46251952","","5796","20180304230933"
"1086","World_RX_of_Barcelona","46339511","","1860","20180213041308"
"1087","World_RX_of_Hockenheim","46339573","","2006","20180303234131"
"1088","Football_Manager_2015_classic","46400894","","1018","20180322102411"
"1089","1972_Olympics_Black_Power_salute","46417962","","8440","20180305201241"
"1090","Crest_(sports)","46453731","","733","20180217161133"
"1091","2015_Eschborn-Frankfurt_City_Loop","46490933","","8287","20180324134924"
"1092","Erwan_Le_Corre","46610219","","6452","20180312130855"
"1093","Sports_event","46738280","","49","20180318005923"
"1094","Marathon_course-cutting","46751769","","4395","20180303193205"
"1095","Wrestling_at_the_Pan_American_Games","46766338","","1858","20180325043807"
"1096","Anoeta_Sports_Complex","46844992","","1962","20180314134038"
"1097","Sports_Technology_Awards","46872139","","4350","20180319221847"
"1098","Black_armband_protest","46925725","","22513","20180312130907"
"1099","Peak_power_output","46979531","","1090","20180217161213"
"1100","SportVU","47050949","","9305","20180312112532"
"1101","Yogi_Haider","47066384","","3677","20180303193209"
"1102","Gaper-Day","47182085","","2369","20180312034950"
"1103","Gianni_Merlo","47227908","","2118","20180312130920"
"1104","Copa_Sudamericana_clubs_performance_comparison","47266524","","41741","20180223005847"
"1105","Fascia_training","47390498","","4774","20180219194402"
"1106","CalgaryNEXT","47563361","","29419","20180312130934"
"1107","Sports_titles_system_in_Albania","47593775","","3166","20180314134044"
"1108","Coupe_Deutsch_de_la_Meurthe","47737924","","16974","20180319221848"
"1109","Raw_Run","47769908","","1555","20180322102411"
"1110","National_high_school_drill_team_championships","47799953","","1105","20180322102411"
"1111","Eastern_Washington_Eagles_women's_basketball","47913747","","5017","20180323201533"
"1112","Hako_(Rapa_Nui)","48066028","","1533","20180217161336"
"1113","Sports_teams_named_Redskins","48069054","","69089","20180318010359"
"1114","Sobers–Tissera_Trophy","48120473","","3801","20180312130953"
"1115","NCAA_Native_American_mascot_decision","48120778","","21544","20180303193221"
"1116","Harrod_UK","48288864","","3940","20180312130957"
"1117","Lockout_(sports)","48291723","","427","20180121182656"
"1118","Connacht_Railway_Cup","48306145","","1989","20180312130958"
"1119","Lampadephoria","48306738","","840","20180217161350"
"1120","Team_Asia","48384754","","5434","20180303193223"
"1121","History_of_women_in_sports","48405303","","100","20180318221418"
"1122","Comeback_(sports)","48423585","","18811","20180303193224"
"1123","Challenge_(competition)","48544333","","2988","20180217161407"
"1124","Grapple_on_the_Gridiron","48552869","","2799","20180312131008"
"1125","BAWA_Athlete_of_the_Year","48554081","","17584","20180319221848"
"1126","World_Bowls_Tour_Awards","48563561","","13749","20180319221848"
"1127","Matchpoint_NYC","48624239","","2957","20180322102412"
"1128","Islamic_Republic_of_Iran_Wrestling_Federation","48682861","","862","20180312131013"
"1129","List_of_IFBB_member_federations","48703661","","4064","20180318000845"
"1130","Impossibility_Challenger","48912999","","4309","20180217161443"
"1131","European_Multisport_Club_Association","48935902","","5527","20180316154757"
"1132","National_Football_League_uniform_numbers","49079889","","16764","20180228050727"
"1133","Tampa_Spartans_baseball","49119801","","8293","20180323201535"
"1134","Wrestling_at_the_2016_South_Asian_Games","49132474","","6521","20180325043808"
"1135","Kabaddi_at_the_2016_South_Asian_Games","49132506","","2205","20180325043808"
"1136","List_of_match_fixing_incidents","49248955","","31452","20180313111420"
"1137","2013_FBD_Insurance_League","49353087","","3821","20180312131042"
"1138","2012_FBD_Insurance_League","49354322","","1739","20180312131042"
"1139","Formative_Assessment_in_Sports","49355115","","5459","20180304175805"
"1140","2014_UCI_World_Championships","49586544","","1011","20180314183753"
"1141","2016_UCI_World_Championships","49586588","","1013","20180314183753"
"1142","Columbia_College_Koalas","49678342","","2567","20180312131101"
"1143","Milligan_College_Buffaloes","49680392","","3065","20180312131102"
"1144","Montreat_Cavaliers","49685219","","2789","20180312131102"
"1145","St._Andrews_Knights","49800058","","5026","20180313045239"
"1146","Paula_method","49986510","","921","20180217161556"
"1147","LDODK","50016226","","2451","20180322230055"
"1148","Ckv_DVO","50016464","","2776","20180322230055"
"1149","Dalto_(Driebergen)","50016761","","2790","20180322230055"
"1150","Parkhotel_Valkenburg_Continental_Team","50078153","","226","20171127014834"
"1151","High_dart_average","50100345","","18317","20180316154242"
"1152","Frys.com_Open","50128069","","413","20161231193846"
"1153","Wire-to-wire","50137925","","1587","20180322102413"
"1154","On_the_bubble","50173642","","6996","20180312044043"
"1155","World_XI_(cricket)","50197579","","1041","20180214100912"
"1156","Dadra_and_Nagar_Haveli_Cricket_Association","50230047","","1713","20180312131116"
"1157","Utah_Valley_Wolverines_wrestling","50262190","","1706","20180323201536"
"1158","Charity_runner","50319738","","2515","20180308020801"
"1159","Daman_and_Diu_Cricket_Association","50369776","","1566","20180312131119"
"1160","Maccabi_S.K.","50482025","","1941","20180312131123"
"1161","Football_at_the_1999_Pan_American_Games","50603484","","331","20171019210011"
"1162","Sacramento_State_Hornets_women's_basketball","50623110","","2366","20180323201537"
"1163","Ville_Järveläinen","50691997","","1516","20180324015604"
"1164","USA_Footvolley","50721239","","6906","20180312131132"
"1165","Recognition_of_eSports_as_a_form_of_legitimate_sports","50737063","","10996","20180325122400"
"1166","Judenklub","50741246","","6893","20180314134102"
"1167","Tegucigalpa_Olympic_Village","50816723","","5816","20180303193250"
"1168","NBA_fines","50836942","","7285","20180221205057"
"1169","In_Depth_with_Graham_Bensinger","50872938","","3750","20180312131138"
"1170","International_Day_of_Sport_for_Development_and_Peace","50911188","","1693","20180314111824"
"1171","Shaun_Assael","50954376","","12919","20180312131142"
"1172","Race_and_ethnicity_in_the_NHL","51042112","","7138","20180303193252"
"1173","Controversies_related_to_2013_disqualification_of_Polish_4x400_m_relay_in_Gothenburg","51055922","","1860","20180217161717"
"1174","Warped_wall","51062119","","6129","20180314025257"
"1175","Washington_Open","51123770","","876","20180217183026"
"1176","FIBA_Europe_Cup_clubs_performance_comparison","51188604","","8116","20180321213202"
"1177","Niger_national_baseball_team","51201300","","303","20180213203551"
"1178","Columbia_Lions_women's_basketball","51230886","","4924","20180323201538"
"1179","Great_City_Race","51243928","","375","20180213203551"
"1180","Rule_40","51259334","","3283","20180224050941"
"1181","Podium_sweep","51280162","","1432","20180225141537"
"1182","Degree_of_difficulty","51311708","","5790","20180226071247"
"1183","Balonpesado","51347523","","2083","20180217161744"
"1184","Kabaddi_at_the_South_Asian_Games","51348885","","1986","20180214110602"
"1185","High_performance_sport","51349731","","4350","20180217161744"
"1186","Synchronised_swimming_at_the_2017_Southeast_Asian_Games","51353299","","5453","20180325043809"
"1187","Concerns_and_controversies_at_the_42nd_Chess_Olympiad","51472964","","19034","20180303193258"
"1188","Beer_league","51783947","","1043","20180122210008"
"1189","North_Jersey_Super_Football_Conference","51836045","","1748","20180122210111"
"1190","2026_in_sports","51859221","","474","20180316231116"
"1191","Oriam","51933113","","11921","20180320083026"
"1192","2025_in_sports","51959428","","839","20180316231116"
"1193","U.S._National_Water_Ski_Championships","52012151","","899","20180316023900"
"1194","2011_European_Racquetball_Championships","52019203","","4146","20180306095736"
"1195","UEC_European_Track_Championships_–_Women's_madison","52019396","","1230","20180316154244"
"1196","Hot_cycling","52076433","","896","20180217161851"
"1197","Aquatics_at_the_Southeast_Asian_Games","52101037","","5242","20180217092915"
"1198","120_Sports","52134919","","4123","20180303193302"
"1199","Aquatics_at_the_1993_Southeast_Asian_Games","52174921","","5911","20180217092915"
"1200","Aquatics_at_the_1991_Southeast_Asian_Games","52177746","","5969","20180217092915"
"1201","2016_Trinidad_and_Tobago_League_Cup","52192009","","10334","20180312131233"
"1202","Tetsuro_Kiyooka","52212076","","4680","20180312131234"
"1203","Aquatics_at_the_1997_Southeast_Asian_Games","52230803","","10252","20180217161903"
"1204","Bobby_Beggs","52307884","","2072","20180312010426"
"1205","List_of_Youth_Olympic_medalists_in_cycling","52313579","","2387","20180325043810"
"1206","Squad_number_(Australian_rules_football)","52386428","","173","20180322211541"
"1207","Uniform_number_(basketball)","52386451","","133","20180322211541"
"1208","1900–01_Syracuse_Orangemen_basketball_team","52466051","","3771","20180323201540"
"1209","1901–02_Syracuse_Orangemen_basketball_team","52466347","","4380","20180323201540"
"1210","Country_by_Sports_Representation","52520478","","198277","20180324170951"
"1211","Davao_City–UP_Sports_Complex","52580643","","3571","20180312131249"
"1212","Best_Footballer_in_Asia_2013","52661278","","4557","20180310031355"
"1213","2017_UCI_World_Championships","52667882","","797","20180314183759"
"1214","1908–09_Colgate_men's_basketball_team","52682439","","6614","20180323201540"
"1215","Kinesiological_stretching","52715112","","6384","20180217161941"
"1216","1983_Blue_Swords","52747359","","3349","20180312131254"
"1217","1978_Blue_Swords","52747639","","2158","20180312131254"
"1218","1977_Blue_Swords","52747818","","2039","20180321213204"
"1219","1914–15_Colgate_men's_basketball_team","52756668","","7362","20180323201540"
"1220","Extended_length_conditioning","52757304","","3206","20170112054153"
"1221","1915–16_Colgate_men's_basketball_team","52757684","","8639","20180323201540"
"1222","1916–17_Colgate_men's_basketball_team","52757813","","8851","20180323201540"
"1223","1917–18_Colgate_men's_basketball_team","52757986","","9690","20180323201540"
"1224","1919–20_Colgate_men's_basketball_team","52788062","","10519","20180323201540"
"1225","1920–21_Colgate_men's_basketball_team","52788187","","10086","20180323201540"
"1226","1897_Colgate_football_team","52802971","","4253","20180323201540"
"1227","Malin_Bridge_Old_Boys_F.C.","52817916","","1029","20180312131258"
"1228","1983_Prize_of_Moscow_News","52884179","","3229","20180312131259"
"1229","1887_Lehigh_Engineers_football_team","52893161","","4042","20180312131300"
"1230","1986_Blue_Swords","52938791","","2257","20180312131301"
"1231","Kenan_Karahodžić","52944757","","2797","20180322230056"
"1232","Faema_(cycling_team)","53063269","","581","20171207104452"
"1233","Sanson_(cycling_team)","53066961","","593","20171207104452"
"1234","2014_NECBL_season","53145239","","1605","20180312131308"
"1235","1941–42_Rangers_F.C._season","53151521","","5900","20180312131308"
"1236","Gokhale_Method","53155436","","11163","20180303193317"
"1237","Playing_period","53224927","","2377","20180217162021"
"1238","German_Struggle_Games","53430104","","3971","20171217232918"
"1239","1898–99_Ohio_State_Buckeyes_men's_basketball_team","53474670","","6682","20180323201541"
"1240","Fanattic_Sports_Museum","53552375","","2364","20180312131322"
"1241","Sanest_Tourist_Khánh_Hòa_Futsal_Club","53579955","","1318","20180312131323"
"1242","1900–01_Ohio_State_Buckeyes_men's_basketball_team","53587374","","2591","20180323201542"
"1243","2016–17_Western_Illinois_Leathernecks_women's_basketball_team","53625563","","1235","20180217162058"
"1244","1887_Williams_Ephs_football_team","53651293","","3697","20180323201542"
"1245","Exercise_and_androgen_levels","53670711","","23836","20180217162100"
"1246","Pelvic_lift","53700734","","2548","20180217162102"
"1247","Dirty_dog_exercise","53700777","","1053","20180217162102"
"1248","Futsal_Hoofdklasse_(women)","53708658","","1210","20180312131327"
"1249","Uniformed_Derby","53721319","","6664","20180323102319"
"1250","Primera_División_Sala_(women)","53721452","","1348","20180312131328"
"1251","Serie_A_Elite","53724378","","1007","20180312131328"
"1252","Vv_Pernis","53730385","","2688","20180312131328"
"1253","Atlético_Navalcarnero","53730639","","2358","20180312131328"
"1254","List_of_ProRodeo_Hall_of_Fame_inductees","53772010","","92975","20180322205259"
"1255","2015_NECBL_season","53788566","","2562","20180312131332"
"1256","Binirayan_Sports_Complex","53855395","","2952","20180312131334"
"1257","Deutsches_Turnfest_1933","53859734","","1406","20180317201249"
"1258","Stargroth_Amean","53935823","","4065","20180324200452"
"1259","Parallel_Media_Group","53940454","","8803","20180312131337"
"1260","List_of_retired_numbers","54067944","","47181","20180306171138"
"1261","1902–03_Syracuse_Orangemen_basketball_team","54067972","","5568","20180323201543"
"1262","The_Superstar_Effect","54118843","","5971","20180217162142"
"1263","2017–18_Serie_A1_(men's_water_polo)","54159517","","2827","20180325153549"
"1264","1884_Amherst_Lord_Jeffs_football_team","54160318","","2119","20180325082134"
"1265","2017_USARL_season","54175406","","6873","20180320172415"
"1266","Race_to_Alaska","54248505","","1706","20180322115110"
"1267","2011_USAC_Traxxas_Silver_Crown_Series","54310039","","842","20180122223405"
"1268","1903–04_Syracuse_Orangemen_basketball_team","54366913","","9592","20180323201544"
"1269","World_Aunt_Sally_Open_Singles_Championship","54388482","","6792","20180303200642"
"1270","Chris_Brasher_Sporting_Life_Trophy","54454208","","2591","20180325113536"
"1271","Bigi_Wey_Sports_Center","54519183","","3272","20180312131359"
"1272","1701_to_1725_in_sports","54524747","","7344","20180316231459"
"1273","1771_to_1775_in_sports","54532008","","4926","20180316231459"
"1274","Sportpark_Schildman","54634979","","2360","20180303193337"
"1275","Greyhound_trainer","54674770","","2329","20180217183408"
"1276","2028_in_sports","54933393","","563","20180316231116"
"1277","Camp_Gladiator","55005783","","6820","20180312131411"
"1278","Peris_Horseshoe","55008921","","10098","20180319074115"
"1279","2017_Liga_3_Riau_Islands","55022702","","1836","20180312131412"
"1280","Sundried_(sportswear)","55051476","","6240","20180303193340"
"1281","Sedbergh_Hills_Fell_Race","55061656","","11671","20180217162249"
"1282","Inline_sledge_hockey","55285589","","2125","20180312002909"
"1283","SkyMarathon","55403486","","753","20180217162316"
"1284","Ultra_SkyMarathon","55403598","","789","20180217162316"
"1285","International_Skyrunning_Federation","55405106","","2478","20180312131426"
"1286","SkyRace","55494505","","669","20180217162322"
"1287","World_Snowshoe_Championships","55521829","","8719","20180325120311"
"1288","World_Snowshoe_Federation","55523535","","2687","20180312131430"
"1289","Lachlan_Lam","55543450","","5959","20180324200452"
"1290","Alexander_Alexandrov_(gymnastics_coach)","55560868","","2457","20180312131432"
"1291","Olympic_Diploma_of_Merit","55626520","","6700","20180217162335"
"1292","Sky_Extreme","55640670","","797","20180217162336"
"1293","1731_to_1735_in_sports","55653821","","3668","20180316231459"
"1294","1736_to_1740_in_sports","55653826","","2484","20180316231459"
"1295","1741_to_1745_in_sports","55653830","","6009","20180316231459"
"1296","1746_to_1750_in_sports","55653841","","4613","20180316231459"
"1297","1751_to_1755_in_sports","55653842","","3622","20180316231459"
"1298","1756_to_1760_in_sports","55653844","","3424","20180316231459"
"1299","1761_to_1765_in_sports","55653846","","4817","20180316231459"
"1300","1766_to_1770_in_sports","55653852","","6095","20180316231459"
"1301","2023_Parapan_American_Games","55709384","","1405","20180312131439"
"1302","El_Viejo_Clásico","55785985","","33291","20180320091857"
"1303","Wuhua_County_Football_Culture_Park","55790731","","1944","20180312131442"
"1304","Rondo_(game)","55819565","","2555","20180217162356"
"1305","Kraus–Weber_test","55862417","","3132","20180304214635"
"1306","World_Rugby_League","55901555","","1963","20180312131448"
"1307","2021_Central_American_Games","55969947","","1664","20180312131451"
"1308","Ball_pump_needle","56059680","","529","20180215163136"
"1309","Pole_sports","56097956","","18908","20180316155716"
"1310","Boar-baiting","56185542","","1638","20180310133151"
"1311","2018_European_Speed_Skating_Championships","56212985","","8355","20180324182534"
"1312","Kazakhstan_at_the_UCI_Track_Cycling_World_Championships","56221803","","2256","20180325043811"
"1313","CWA_British_Commonwealth_Championship","56223577","","4442","20180321213225"
"1314","CWA_World_Junior_Heavyweight_Championship","56229017","","9418","20180312131501"
"1315","2016–17_KF_Vllaznia_Shkodër_season","56233666","","1699","20180312201140"
"1316","Ed_Lucas","56323998","","3875","20180318190539"
"1317","Airboard_(sled)","56615432","","1129","20180303193401"
"1318","2016_and_2018_Philippine_Olympic_Committee_elections","56690160","","34076","20180312131524"
"1319","EuroLeague_Women_clubs_performance_comparison","56813396","","29246","20180321213209"
"1320","School_classification","56829633","","3269","20180313170629"
"1321","Basketball_Champions_League_records_and_statistics","56884278","","37179","20180324163911"
"1322","Bangladesh_national_football_team_performances","56926698","","2806","20180325032524"
